{"cameraMode":{"drawMode":0,"name":"Shaded","section":"Shading Mode"},"sceneLighting":false,"audioPlay":false,"sceneViewState":{"showFog":false,"showMaterialUpdate":false,"showSkybox":false,"showFlares":false,"showImageEffects":false,"showParticleSystems":true},"in2DMode":false,"pivot":{"x":-0.930363655090332,"y":1.8269729614257813,"z":-1.2760705947875977},"rotation":{"x":0.16087232530117036,"y":-0.7311948537826538,"z":0.18475887179374696,"w":0.6366618871688843},"size":14.068832397460938,"orthographic":false}