{"cameraMode":{"drawMode":0,"name":"Shaded","section":"Shading Mode"},"sceneLighting":false,"audioPlay":false,"sceneViewState":{"showFog":false,"showMaterialUpdate":false,"showSkybox":false,"showFlares":false,"showImageEffects":false,"showParticleSystems":true},"in2DMode":false,"pivot":{"x":0.3695628046989441,"y":-0.5525350570678711,"z":5.518599510192871},"rotation":{"x":0.5326762199401856,"y":0.01777055487036705,"z":-0.011187591589987278,"w":0.8460585474967957},"size":10.206291198730469,"orthographic":false}